,id_order,order_date,status,customer,items,payment,total_amount,quality_status,order_id,delivery,corrections,processed_at
30,طلب-100035,2025-02-15T11:54:00,ملغي,"{""customer_id"":""عميل-35"",""name"":""علي حسين"",""phone"":""967708039652"",""email"":""user184655@example.com"",""address"":{""city"":""إب"",""district"":""خور مكسر"",""street"":""شارع تعز"",""details"":""بجوار معلم معروف""}}","[object Object],[object Object]","{""method"":""نقدًا عند التسليم"",""status"":""بانتظار الدفع"",""amount"":795500,""currency"":""YER""}",795500,corrected,طلب-100035,"{""type"":""عادي"",""cost"":2000,""expected_date"":""2025-01-08T02:32:00""}",[object Object],2026-08-18T13:43:14.208141+00:00
20,طلب-100024,2025-02-19T07:14:00,ملغي,"{""customer_id"":""عميل-24"",""name"":""محمد علي"",""phone"":""967775648149"",""email"":""user658016@example.com"",""address"":{""city"":""عدن"",""district"":""جبلة"",""street"":""شارع المطار"",""details"":""بجوار معلم معروف""}}","[object Object],[object Object],[object Object]","{""method"":""نقدًا عند التسليم"",""status"":""بانتظار الدفع"",""amount"":779500,""currency"":""YER""}",779500,corrected,طلب-100024,"{""type"":""سريع"",""cost"":5000,""expected_date"":""2025-01-07T04:28:00""}",[object Object],2026-08-18T13:43:14.207140+00:00
13,طلب-100016,2025-04-01T10:26:00,قيد الشحن,"{""customer_id"":""عميل-16"",""name"":""فاطمة أحمد"",""phone"":""967705892975"",""email"":""user937590@example.com"",""address"":{""city"":""صنعاء"",""district"":""التحرير"",""street"":""شارع الزبيري"",""details"":""بجوار معلم معروف""}}",[object Object],"{""method"":""نقدًا عند التسليم"",""status"":""بانتظار الدفع"",""amount"":56000,""currency"":""YER""}",56000,corrected,طلب-100016,"{""type"":""سريع"",""cost"":5000,""expected_date"":""2025-01-08T11:59:00""}",[object Object],2026-08-18T13:43:14.207140+00:00
40,طلب-100048,2025-02-06T21:59:00,قيد الانتظار,"{""customer_id"":""عميل-48"",""name"":""علي حسين"",""phone"":""967777053457"",""email"":""user529664@example.com"",""address"":{""city"":""المكلا"",""district"":""الحصبة"",""street"":""شارع الزبيري"",""details"":""بجوار معلم معروف""}}","[object Object],[object Object],[object Object]","{""method"":""نقدًا عند التسليم"",""status"":""بانتظار الدفع"",""amount"":55500,""currency"":""YER""}",55500,corrected,طلب-100048,"{""type"":""عادي"",""cost"":2000,""expected_date"":""2025-01-04T03:03:00""}",[object Object],2026-08-18T13:43:14.208141+00:00
41,طلب-100049,2025-02-17T11:06:00,ملغي,"{""customer_id"":""عميل-49"",""name"":""محمد علي"",""phone"":""967700602933"",""email"":""user678828@example.com"",""address"":{""city"":""إب"",""district"":""شعوب"",""street"":""شارع تعز"",""details"":""بجوار معلم معروف""}}","[object Object],[object Object]","{""method"":""نقدًا عند التسليم"",""status"":""بانتظار الدفع"",""amount"":52500,""currency"":""YER""}",52500,corrected,طلب-100049,"{""type"":""سريع"",""cost"":5000,""expected_date"":""2025-01-08T18:55:00""}",[object Object],2026-08-18T13:43:14.209141+00:00
21,طلب-100025,2025-04-15T20:27:00,ملغي,"{""customer_id"":""عميل-25"",""name"":""محمد علي"",""phone"":""967738000307"",""email"":""user381658@example.com"",""address"":{""city"":""المكلا"",""district"":""حدة"",""street"":""شارع الستين"",""details"":""بجوار معلم معروف""}}","[object Object],[object Object]","{""method"":""نقدًا عند التسليم"",""status"":""بانتظار الدفع"",""amount"":523000,""currency"":""YER""}",523000,corrected,طلب-100025,"{""type"":""سريع"",""cost"":5000,""expected_date"":""2025-01-11T03:09:00""}",[object Object],2026-08-18T13:43:14.207140+00:00
28,طلب-100032,2025-03-15T07:10:00,قيد الشحن,"{""customer_id"":""عميل-32"",""name"":""محمد علي"",""phone"":""967701013721"",""email"":""user949044@example.com"",""address"":{""city"":""ذمار"",""district"":""الحصبة"",""street"":""شارع الزبيري"",""details"":""بجوار معلم معروف""}}","[object Object],[object Object],[object Object]","{""method"":""نقدًا عند التسليم"",""status"":""بانتظار الدفع"",""amount"":416500,""currency"":""YER""}",416500,corrected,طلب-100032,"{""type"":""عادي"",""cost"":2000,""expected_date"":""2025-01-06T14:52:00""}",[object Object],2026-08-18T13:43:14.208141+00:00
29,طلب-100033,2025-02-24T23:41:00,قيد الانتظار,"{""customer_id"":""عميل-476"",""name"":""محمد علي"",""phone"":""967708439910"",""email"":""user791853@example.com"",""address"":{""city"":""المكلا"",""district"":""حدة"",""street"":""شارع الستين"",""details"":""بجوار معلم معروف""}}","[object Object],[object Object]","{""method"":""نقدًا عند التسليم"",""status"":""بانتظار الدفع"",""amount"":371000,""currency"":""YER""}",371000,corrected,طلب-100033,"{""type"":""سريع"",""cost"":5000,""expected_date"":""2025-01-06T20:19:00""}",[object Object],2026-08-18T13:43:14.246556+00:00
34,طلب-100040,2025-03-24T12:42:00,قيد الانتظار,"{""customer_id"":""عميل-40"",""name"":""أحمد محمد"",""phone"":""967700541152"",""email"":""user931064@example.com"",""address"":{""city"":""المكلا"",""district"":""حدة"",""street"":""شارع الزبيري"",""details"":""بجوار معلم معروف""}}","[object Object],[object Object]","{""method"":""نقدًا عند التسليم"",""status"":""بانتظار الدفع"",""amount"":31500,""currency"":""YER""}",31500,corrected,طلب-100040,"{""type"":""عادي"",""cost"":2000,""expected_date"":""2025-01-07T14:22:00""}",[object Object],2026-08-18T13:43:14.208141+00:00
27,طلب-100031,2025-03-02T01:09:00,مؤكد,"{""customer_id"":""عميل-31"",""name"":""محمد علي"",""phone"":""967735680442"",""email"":""user32592@example.com"",""address"":{""city"":""المكلا"",""district"":""جبلة"",""street"":""الخط الدائري"",""details"":""بجوار معلم معروف""}}",[object Object],"{""method"":""نقدًا عند التسليم"",""status"":""بانتظار الدفع"",""amount"":31000,""currency"":""YER""}",31000,corrected,طلب-100031,"{""type"":""عادي"",""cost"":2000,""expected_date"":""2025-01-09T21:16:00""}",[object Object],2026-08-18T13:43:14.208141+00:00
6,طلب-100007,2025-03-22T03:22:00,ملغي,"{""customer_id"":""عميل-7"",""name"":""سارة ياسر"",""phone"":""967701401051"",""email"":""user710033@example.com"",""address"":{""city"":""تعز"",""district"":""شعوب"",""street"":""الخط الدائري"",""details"":""بجوار معلم معروف""}}","[object Object],[object Object],[object Object]","{""method"":""نقدًا عند التسليم"",""status"":""بانتظار الدفع"",""amount"":275000,""currency"":""YER""}",275000,corrected,طلب-100007,"{""type"":""سريع"",""cost"":5000,""expected_date"":""2025-01-03T08:38:00""}",[object Object],2026-08-18T13:43:14.206142+00:00
42,طلب-100050,2025-04-28T10:25:00,قيد الانتظار,"{""customer_id"":""عميل-1454"",""name"":""أروى محمد"",""phone"":""967702624554"",""email"":""user436445@example.com"",""address"":{""city"":""تعز"",""district"":""التحرير"",""street"":""شارع الستين"",""details"":""بجوار معلم معروف""}}",[object Object],"{""method"":""نقدًا عند التسليم"",""status"":""بانتظار الدفع"",""amount"":274000,""currency"":""YER""}",274000,corrected,طلب-100050,"{""type"":""سريع"",""cost"":5000,""expected_date"":""2025-01-02T18:42:00""}",[object Object],2026-08-18T13:43:14.380705+00:00
15,طلب-100018,2025-04-19T10:49:00,مؤكد,"{""customer_id"":""عميل-18"",""name"":""ريم عادل"",""phone"":""967710051627"",""email"":""user74269@example.com"",""address"":{""city"":""إب"",""district"":""القاهرة"",""street"":""شارع الزبيري"",""details"":""بجوار معلم معروف""}}","[object Object],[object Object]","{""method"":""نقدًا عند التسليم"",""status"":""بانتظار الدفع"",""amount"":249500,""currency"":""YER""}",249500,corrected,طلب-100018,"{""type"":""عادي"",""cost"":2000,""expected_date"":""2025-01-09T16:32:00""}",[object Object],2026-08-18T13:43:14.207140+00:00
14,طلب-100017,2025-03-20T06:05:00,مؤكد,"{""customer_id"":""عميل-17"",""name"":""خالد سالم"",""phone"":""967702415415"",""email"":""user@mail.com"",""address"":{""city"":""تعز"",""district"":""التحرير"",""street"":""شارع المطار"",""details"":""بجوار معلم معروف""}}",[object Object],"{""method"":""نقدًا عند التسليم"",""status"":""بانتظار الدفع"",""amount"":241000,""currency"":""YER""}",241000,corrected,طلب-100017,"{""type"":""سريع"",""cost"":5000,""expected_date"":""2025-01-08T11:49:00""}","[object Object],[object Object]",2026-08-18T13:43:14.207140+00:00
32,طلب-100037,2025-04-07T04:25:00,قيد الشحن,"{""customer_id"":""عميل-37"",""name"":""محمد علي"",""phone"":""967706915452"",""email"":""user165155@example.com"",""address"":{""city"":""المكلا"",""district"":""جبلة"",""street"":""شارع تعز"",""details"":""بجوار معلم معروف""}}","[object Object],[object Object],[object Object]","{""method"":""نقدًا عند التسليم"",""status"":""بانتظار الدفع"",""amount"":219500,""currency"":""YER""}",219500,corrected,طلب-100037,"{""type"":""عادي"",""cost"":2000,""expected_date"":""2025-01-03T08:34:00""}",[object Object],2026-08-18T13:43:14.208141+00:00
18,طلب-100021,2025-04-02T07:42:00,ملغي,"{""customer_id"":""عميل-21"",""name"":""هدى سالم"",""phone"":""967778055269"",""email"":""user441308@example.com"",""address"":{""city"":""ذمار"",""district"":""حدة"",""street"":""شارع المطار"",""details"":""بجوار معلم معروف""}}","[object Object],[object Object],[object Object]","{""method"":""نقدًا عند التسليم"",""status"":""بانتظار الدفع"",""amount"":212500,""currency"":""YER""}",212500,corrected,طلب-100021,"{""type"":""عادي"",""cost"":2000,""expected_date"":""2025-01-10T03:21:00""}",[object Object],2026-08-18T13:43:14.207140+00:00
36,طلب-100043,2025-02-18T07:21:00,تم التسليم,"{""customer_id"":""عميل-43"",""name"":""سارة ياسر"",""phone"":""967703490211"",""email"":""user700597@example.com"",""address"":{""city"":""ذمار"",""district"":""القاهرة"",""street"":""الخط الدائري"",""details"":""بجوار معلم معروف""}}","[object Object],[object Object],[object Object]","{""method"":""نقدًا عند التسليم"",""status"":""بانتظار الدفع"",""amount"":206500,""currency"":""YER""}",206500,corrected,طلب-100043,"{""type"":""سريع"",""cost"":5000,""expected_date"":""2025-01-03T23:07:00""}",[object Object],2026-08-18T13:43:14.208141+00:00
26,طلب-100030,2025-01-20T14:37:00,مؤكد,"{""customer_id"":""عميل-30"",""name"":""سارة ياسر"",""phone"":""967715618537"",""email"":""user323285@example.com"",""address"":{""city"":""عمران"",""district"":""كريتر"",""street"":""شارع الزبيري"",""details"":""بجوار معلم معروف""}}",[object Object],"{""method"":""نقدًا عند التسليم"",""status"":""بانتظار الدفع"",""amount"":199000,""currency"":""YER""}",199000,corrected,طلب-100030,"{""type"":""عادي"",""cost"":2000,""expected_date"":""2025-01-02T09:41:00""}",[object Object],2026-08-18T13:43:14.208141+00:00
9,طلب-100011,2025-03-12T06:28:00,مرتجع,"{""customer_id"":""عميل-11"",""name"":""ريم عادل"",""phone"":""967716767721"",""email"":""user@mail.com"",""address"":{""city"":""صنعاء"",""district"":""شعوب"",""street"":""شارع تعز"",""details"":""بجوار معلم معروف""}}","[object Object],[object Object]","{""method"":""نقدًا عند التسليم"",""status"":""بانتظار الدفع"",""amount"":184000,""currency"":""YER""}",184000,corrected,طلب-100011,"{""type"":""عادي"",""cost"":2000,""expected_date"":""2025-01-01T17:55:00""}","[object Object],[object Object]",2026-08-18T13:43:14.207140+00:00
24,طلب-100028,2025-02-07T17:30:00,مرتجع,"{""customer_id"":""عميل-28"",""name"":""علي حسين"",""phone"":""967717024103"",""email"":""user940875@example.com"",""address"":{""city"":""حجة"",""district"":""القاهرة"",""street"":""شارع تعز"",""details"":""بجوار معلم معروف""}}","[object Object],[object Object]","{""method"":""نقدًا عند التسليم"",""status"":""بانتظار الدفع"",""amount"":156000,""currency"":""YER""}",156000,corrected,طلب-100028,"{""type"":""سريع"",""cost"":5000,""expected_date"":""2025-01-06T14:11:00""}","[object Object],[object Object]",2026-08-18T13:43:14.207140+00:00
3,طلب-100004,2025-01-17T18:04:00,مرتجع,"{""customer_id"":""عميل-247"",""name"":""يوسف طارق"",""phone"":""967733750479"",""email"":""user219243@example.com"",""address"":{""city"":""صنعاء"",""district"":""شعوب"",""street"":""شارع المطار"",""details"":""بجوار معلم معروف""}}",[object Object],"{""method"":""نقدًا عند التسليم"",""status"":""بانتظار الدفع"",""amount"":14000,""currency"":""YER""}",14000,corrected,طلب-100004,"{""type"":""سريع"",""cost"":5000,""expected_date"":""2025-01-02T15:17:00""}",[object Object],2026-08-18T13:43:14.220668+00:00
7,طلب-100009,2025-04-20T01:12:00,تم التسليم,"{""customer_id"":""عميل-9"",""name"":""هدى سالم"",""phone"":""967719155792"",""email"":""user853267@example.com"",""address"":{""city"":""الحديدة"",""district"":""الحصبة"",""street"":""شارع الستين"",""details"":""بجوار معلم معروف""}}","[object Object],[object Object],[object Object]","{""method"":""محفظة إلكترونية"",""status"":""تم الدفع"",""amount"":803500,""currency"":""YER""}",803500,corrected,طلب-100009,"{""type"":""سريع"",""cost"":5000,""expected_date"":""2025-01-04T22:31:00""}",[object Object],2026-08-18T13:43:14.206142+00:00
38,طلب-100045,2025-02-20T15:44:00,مرتجع,"{""customer_id"":""عميل-45"",""name"":""سارة ياسر"",""phone"":""967779986162"",""email"":""user155399@example.com"",""address"":{""city"":""لحج"",""district"":""الحصبة"",""street"":""شارع الزبيري"",""details"":""بجوار معلم معروف""}}","[object Object],[object Object],[object Object]","{""method"":""محفظة إلكترونية"",""status"":""تم الدفع"",""amount"":702000,""currency"":""YER""}",702000,corrected,طلب-100045,"{""type"":""سريع"",""cost"":5000,""expected_date"":""2025-01-07T18:39:00""}",[object Object],2026-08-18T13:43:14.208141+00:00
11,طلب-100014,2025-04-05T00:30:00,ملغي,"{""customer_id"":""عميل-14"",""name"":""محمد علي"",""phone"":""967736042232"",""email"":""user745952@example.com"",""address"":{""city"":""ذمار"",""district"":""شعوب"",""street"":""شارع المطار"",""details"":""بجوار معلم معروف""}}",[object Object],"{""method"":""محفظة إلكترونية"",""status"":""تم الدفع"",""amount"":348500,""currency"":""YER""}",348500,corrected,طلب-100014,"{""type"":""سريع"",""cost"":5000,""expected_date"":""2025-01-06T22:39:00""}",[object Object],2026-08-18T13:43:14.207140+00:00
45,طلب-100054,2025-01-27T10:45:00,قيد الشحن,"{""customer_id"":""عميل-54"",""name"":""خالد سالم"",""phone"":""967777525007"",""email"":""user286815@example.com"",""address"":{""city"":""إب"",""district"":""حدة"",""street"":""الخط الدائري"",""details"":""بجوار معلم معروف""}}","[object Object],[object Object]","{""method"":""محفظة إلكترونية"",""status"":""تم الدفع"",""amount"":21000,""currency"":""YER""}",21000,corrected,طلب-100054,"{""type"":""سريع"",""cost"":5000,""expected_date"":""2025-01-10T01:45:00""}",[object Object],2026-08-18T13:43:14.209141+00:00
48,طلب-100058,2025-03-28T17:40:00,ملغي,"{""customer_id"":""عميل-58"",""name"":""خالد سالم"",""phone"":""967730461849"",""email"":""user635054@example.com"",""address"":{""city"":""تعز"",""district"":""القاهرة"",""street"":""شارع الزبيري"",""details"":""بجوار معلم معروف""}}",[object Object],"{""method"":""محفظة إلكترونية"",""status"":""تم الدفع"",""amount"":20000,""currency"":""YER""}",20000,corrected,طلب-100058,"{""type"":""عادي"",""cost"":2000,""expected_date"":""2025-01-07T04:41:00""}",[object Object],2026-08-18T13:43:14.209141+00:00
33,طلب-100039,2025-03-23T16:21:00,قيد الانتظار,"{""customer_id"":""عميل-39"",""name"":""يوسف طارق"",""phone"":""967733154100"",""email"":""user404685@example.com"",""address"":{""city"":""عمران"",""district"":""القاهرة"",""street"":""شارع الستين"",""details"":""بجوار معلم معروف""}}",[object Object],"{""method"":""محفظة إلكترونية"",""status"":""تم الدفع"",""amount"":167000,""currency"":""YER""}",167000,corrected,طلب-100039,"{""type"":""عادي"",""cost"":2000,""expected_date"":""2025-01-06T02:03:00""}",[object Object],2026-08-18T13:43:14.208141+00:00
47,طلب-100057,2025-04-18T17:24:00,مرتجع,"{""customer_id"":""عميل-57"",""name"":""خالد سالم"",""phone"":""967775064890"",""email"":""user622775@example.com"",""address"":{""city"":""صنعاء"",""district"":""الحصبة"",""street"":""شارع الزبيري"",""details"":""بجوار معلم معروف""}}",[object Object],"{""method"":""محفظة إلكترونية"",""status"":""بانتظار الدفع"",""amount"":8000,""currency"":""YER""}",8000,corrected,طلب-100057,"{""type"":""عادي"",""cost"":2000,""expected_date"":""2025-01-01T22:10:00""}","[object Object],[object Object]",2026-08-18T13:43:14.209141+00:00
31,طلب-100036,2025-03-31T23:34:00,مرتجع,"{""customer_id"":""عميل-36"",""name"":""يوسف طارق"",""phone"":""967737010393"",""email"":""user20897@example.com"",""address"":{""city"":""حجة"",""district"":""جبلة"",""street"":""شارع الزبيري"",""details"":""بجوار معلم معروف""}}",[object Object],"{""method"":""محفظة إلكترونية"",""status"":""بانتظار الدفع"",""amount"":33500,""currency"":""YER""}",33500,corrected,طلب-100036,"{""type"":""عادي"",""cost"":2000,""expected_date"":""2025-01-05T03:35:00""}",[object Object],2026-08-18T13:43:14.208141+00:00
49,طلب-100059,2025-03-07T12:47:00,ملغي,"{""customer_id"":""عميل-59"",""name"":""أروى محمد"",""phone"":""967702087375"",""email"":""user245897@example.com"",""address"":{""city"":""صنعاء"",""district"":""التحرير"",""street"":""شارع الزبيري"",""details"":""بجوار معلم معروف""}}","[object Object],[object Object],[object Object]","{""method"":""محفظة إلكترونية"",""status"":""بانتظار الدفع"",""amount"":299500,""currency"":""YER""}",299500,corrected,طلب-100059,"{""type"":""سريع"",""cost"":5000,""expected_date"":""2025-01-02T15:09:00""}",[object Object],2026-08-18T13:43:14.209141+00:00
46,طلب-100056,2025-01-23T14:42:00,تم التسليم,"{""customer_id"":""عميل-2551"",""name"":""يوسف طارق"",""phone"":""967736142274"",""email"":""user29832@example.com"",""address"":{""city"":""الحديدة"",""district"":""خور مكسر"",""street"":""شارع الزبيري"",""details"":""بجوار معلم معروف""}}","[object Object],[object Object]","{""method"":""محفظة إلكترونية"",""status"":""بانتظار الدفع"",""amount"":154500,""currency"":""YER""}",154500,corrected,طلب-100056,"{""type"":""سريع"",""cost"":5000,""expected_date"":""2025-01-03T06:49:00""}",[object Object],2026-08-18T13:43:14.426967+00:00
43,طلب-100052,2025-03-04T20:19:00,ملغي,"{""customer_id"":""عميل-52"",""name"":""علي حسين"",""phone"":""967715842824"",""email"":""user102345@example.com"",""address"":{""city"":""عمران"",""district"":""حدة"",""street"":""شارع تعز"",""details"":""بجوار معلم معروف""}}","[object Object],[object Object],[object Object]","{""method"":""محفظة إلكترونية"",""status"":""بانتظار الدفع"",""amount"":1049500,""currency"":""YER""}",1049500,corrected,طلب-100052,"{""type"":""عادي"",""cost"":2000,""expected_date"":""2025-01-09T15:01:00""}",[object Object],2026-08-18T13:43:14.209141+00:00
5,طلب-100006,2025-03-23T12:38:00,قيد الشحن,"{""customer_id"":""عميل-6"",""name"":""أروى محمد"",""phone"":""967719825071"",""email"":""user309784@example.com"",""address"":{""city"":""المكلا"",""district"":""الحصبة"",""street"":""شارع الزبيري"",""details"":""بجوار معلم معروف""}}","[object Object],[object Object],[object Object]","{""method"":""محفظة إلكترونية"",""status"":""بانتظار الدفع"",""amount"":1042000,""currency"":""YER""}",1042000,corrected,طلب-100006,"{""type"":""عادي"",""cost"":2000,""expected_date"":""2025-01-10T20:00:00""}",[object Object],2026-08-18T13:43:14.206142+00:00
12,طلب-100015,2025-01-15T02:56:00,ملغي,"{""customer_id"":""عميل-15"",""name"":""محمد علي"",""phone"":""967718457759"",""email"":""user2594@example.com"",""address"":{""city"":""عدن"",""district"":""جبلة"",""street"":""شارع تعز"",""details"":""بجوار معلم معروف""}}",[object Object],"{""method"":""بطاقة"",""status"":""تم الدفع"",""amount"":92000,""currency"":""YER""}",92000,corrected,طلب-100015,"{""type"":""سريع"",""cost"":5000,""expected_date"":""2025-01-11T01:08:00""}",[object Object],2026-08-18T13:43:14.207140+00:00
2,طلب-100003,2025-04-29T21:25:00,مرتجع,"{""customer_id"":""عميل-3"",""name"":""خالد سالم"",""phone"":""967705937526"",""email"":""user334641@example.com"",""address"":{""city"":""الحديدة"",""district"":""جبلة"",""street"":""الخط الدائري"",""details"":""بجوار معلم معروف""}}","[object Object],[object Object]","{""method"":""بطاقة"",""status"":""تم الدفع"",""amount"":516000,""currency"":""YER""}",516000,corrected,طلب-100003,"{""type"":""سريع"",""cost"":5000,""expected_date"":""2025-01-10T06:31:00""}",[object Object],2026-08-18T13:43:14.206142+00:00
0,IDEM-TEST-1001,2025-01-31T10:00:00Z,تم التسليم,"{""customer_id"":""C-1"",""name"":""Ali"",""phone"":""967771234567"",""email"":""ali@example.com"",""address"":{""city"":""صنعاء"",""district"":""حدة""}}",[object Object],"{""method"":""بطاقة"",""status"":""تم الدفع"",""amount"":5000,""currency"":""YER""}",5000,valid,,,,
39,طلب-100046,2025-04-30T13:48:00,تم التسليم,"{""customer_id"":""عميل-46"",""name"":""هدى سالم"",""phone"":""967710246299"",""email"":""user713885@example.com"",""address"":{""city"":""المكلا"",""district"":""التحرير"",""street"":""شارع المطار"",""details"":""بجوار معلم معروف""}}",[object Object],"{""method"":""بطاقة"",""status"":""تم الدفع"",""amount"":389000,""currency"":""YER""}",389000,corrected,طلب-100046,"{""type"":""سريع"",""cost"":5000,""expected_date"":""2025-01-11T09:00:00""}",[object Object],2026-08-18T13:43:14.208141+00:00
4,طلب-100005,2025-04-17T08:51:00,تم التسليم,"{""customer_id"":""عميل-5"",""name"":""ريم عادل"",""phone"":""967718058911"",""email"":""user806307@example.com"",""address"":{""city"":""إب"",""district"":""خور مكسر"",""street"":""شارع الستين"",""details"":""بجوار معلم معروف""}}","[object Object],[object Object]","{""method"":""بطاقة"",""status"":""تم الدفع"",""amount"":36000,""currency"":""YER""}",36000,corrected,طلب-100005,"{""type"":""عادي"",""cost"":2000,""expected_date"":""2025-01-08T17:40:00""}",[object Object],2026-08-18T13:43:14.206142+00:00
17,طلب-100020,2025-01-26T19:55:00,مؤكد,"{""customer_id"":""عميل-20"",""name"":""يوسف طارق"",""phone"":""967773899940"",""email"":""user889080@example.com"",""address"":{""city"":""الحديدة"",""district"":""شعوب"",""street"":""الخط الدائري"",""details"":""بجوار معلم معروف""}}","[object Object],[object Object],[object Object]","{""method"":""بطاقة"",""status"":""تم الدفع"",""amount"":316500,""currency"":""YER""}",316500,corrected,طلب-100020,"{""type"":""سريع"",""cost"":5000,""expected_date"":""2025-01-08T06:43:00""}",[object Object],2026-08-18T13:43:14.207140+00:00
44,طلب-100053,2025-02-17T19:24:00,مرتجع,"{""customer_id"":""عميل-53"",""name"":""يوسف طارق"",""phone"":""967711709991"",""email"":""user495159@example.com"",""address"":{""city"":""إب"",""district"":""الحصبة"",""street"":""شارع المطار"",""details"":""بجوار معلم معروف""}}","[object Object],[object Object],[object Object]","{""method"":""بطاقة"",""status"":""تم الدفع"",""amount"":159000,""currency"":""YER""}",159000,corrected,طلب-100053,"{""type"":""سريع"",""cost"":5000,""expected_date"":""2025-01-07T09:40:00""}",[object Object],2026-08-18T13:43:14.209141+00:00
1,طلب-100001,2025-01-20T04:17:00,قيد الانتظار,"{""customer_id"":""عميل-1"",""name"":""محمد علي"",""phone"":""967708199560"",""email"":""user306025@example.com"",""address"":{""city"":""المكلا"",""district"":""القاهرة"",""street"":""شارع الزبيري"",""details"":""بجوار معلم معروف""}}",[object Object],"{""method"":""بطاقة"",""status"":""تم الدفع"",""amount"":11500,""currency"":""YER""}",11500,corrected,طلب-100001,"{""type"":""سريع"",""cost"":5000,""expected_date"":""2025-01-09T14:55:00""}",[object Object],2026-08-18T13:43:14.206142+00:00
23,طلب-100027,2025-02-23T10:59:00,مرتجع,"{""customer_id"":""عميل-27"",""name"":""يوسف طارق"",""phone"":""967737597383"",""email"":""user157881@example.com"",""address"":{""city"":""صنعاء"",""district"":""القاهرة"",""street"":""شارع الزبيري"",""details"":""بجوار معلم معروف""}}","[object Object],[object Object]","{""method"":""بطاقة"",""status"":""بانتظار الدفع"",""amount"":963000,""currency"":""YER""}",963000,corrected,طلب-100027,"{""type"":""عادي"",""cost"":2000,""expected_date"":""2025-01-04T00:37:00""}",[object Object],2026-08-18T13:43:14.207140+00:00
25,طلب-100029,2025-02-15T14:00:00,قيد الشحن,"{""customer_id"":""عميل-298"",""name"":""أحمد محمد"",""phone"":""967708729758"",""email"":""user955026@example.com"",""address"":{""city"":""ذمار"",""district"":""شعوب"",""street"":""شارع الزبيري"",""details"":""بجوار معلم معروف""}}",[object Object],"{""method"":""بطاقة"",""status"":""بانتظار الدفع"",""amount"":72000,""currency"":""YER""}",72000,corrected,طلب-100029,"{""type"":""عادي"",""cost"":2000,""expected_date"":""2025-01-08T21:56:00""}",[object Object],2026-08-18T13:43:14.226327+00:00
19,طلب-100022,2025-01-08T15:00:00,قيد الانتظار,"{""customer_id"":""عميل-22"",""name"":""أروى محمد"",""phone"":""967708666188"",""email"":""user645973@example.com"",""address"":{""city"":""تعز"",""district"":""كريتر"",""street"":""شارع الزبيري"",""details"":""بجوار معلم معروف""}}",[object Object],"{""method"":""بطاقة"",""status"":""بانتظار الدفع"",""amount"":567500,""currency"":""YER""}",567500,corrected,طلب-100022,"{""type"":""عادي"",""cost"":2000,""expected_date"":""2025-01-04T21:37:00""}",[object Object],2026-08-18T13:43:14.207140+00:00
37,طلب-100044,2025-03-14T05:55:00,ملغي,"{""customer_id"":""عميل-44"",""name"":""أحمد محمد"",""phone"":""967731722332"",""email"":""user44749@example.com"",""address"":{""city"":""المكلا"",""district"":""الحصبة"",""street"":""شارع المطار"",""details"":""بجوار معلم معروف""}}","[object Object],[object Object],[object Object]","{""method"":""بطاقة"",""status"":""بانتظار الدفع"",""amount"":553500,""currency"":""YER""}",553500,corrected,طلب-100044,"{""type"":""سريع"",""cost"":5000,""expected_date"":""2025-01-03T16:08:00""}",[object Object],2026-08-18T13:43:14.208141+00:00
35,طلب-100041,2025-04-21T22:24:00,تم التسليم,"{""customer_id"":""عميل-41"",""name"":""خالد سالم"",""phone"":""967771533688"",""email"":""user278151@example.com"",""address"":{""city"":""الحديدة"",""district"":""كريتر"",""street"":""شارع الستين"",""details"":""بجوار معلم معروف""}}",[object Object],"{""method"":""بطاقة"",""status"":""بانتظار الدفع"",""amount"":492500,""currency"":""YER""}",492500,corrected,طلب-100041,"{""type"":""عادي"",""cost"":2000,""expected_date"":""2025-01-02T11:11:00""}",[object Object],2026-08-18T13:43:14.208141+00:00
10,طلب-100013,2025-03-25T03:27:00,قيد الانتظار,"{""customer_id"":""عميل-265"",""name"":""فاطمة أحمد"",""phone"":""967772566212"",""email"":""user562512@example.com"",""address"":{""city"":""المكلا"",""district"":""جبلة"",""street"":""شارع الزبيري"",""details"":""بجوار معلم معروف""}}","[object Object],[object Object],[object Object]","{""method"":""بطاقة"",""status"":""بانتظار الدفع"",""amount"":49000,""currency"":""YER""}",49000,corrected,طلب-100013,"{""type"":""عادي"",""cost"":2000,""expected_date"":""2025-01-05T19:13:00""}",[object Object],2026-08-18T13:43:14.222226+00:00
16,طلب-100019,2025-04-14T17:03:00,ملغي,"{""customer_id"":""عميل-449"",""name"":""يوسف طارق"",""phone"":""967717422294"",""email"":""user900882@example.com"",""address"":{""city"":""المكلا"",""district"":""كريتر"",""street"":""شارع الستين"",""details"":""بجوار معلم معروف""}}",[object Object],"{""method"":""بطاقة"",""status"":""بانتظار الدفع"",""amount"":402500,""currency"":""YER""}",402500,corrected,طلب-100019,"{""type"":""سريع"",""cost"":5000,""expected_date"":""2025-01-01T16:38:00""}",[object Object],2026-08-18T13:43:14.243538+00:00
8,طلب-100010,2025-04-04T08:49:00,تم التسليم,"{""customer_id"":""عميل-10"",""name"":""أروى محمد"",""phone"":""967739662782"",""email"":""user581869@example.com"",""address"":{""city"":""تعز"",""district"":""جبلة"",""street"":""شارع تعز"",""details"":""بجوار معلم معروف""}}",[object Object],"{""method"":""بطاقة"",""status"":""بانتظار الدفع"",""amount"":13000,""currency"":""YER""}",13000,corrected,طلب-100010,"{""type"":""عادي"",""cost"":2000,""expected_date"":""2025-01-02T23:18:00""}",[object Object],2026-08-18T13:43:14.207140+00:00
22,طلب-100026,2025-03-18T03:39:00,ملغي,"{""customer_id"":""عميل-26"",""name"":""فاطمة أحمد"",""phone"":""967701951802"",""email"":""user234027@example.com"",""address"":{""city"":""حجة"",""district"":""التحرير"",""street"":""شارع المطار"",""details"":""بجوار معلم معروف""}}",[object Object],"{""method"":""بطاقة"",""status"":""بانتظار الدفع"",""amount"":117500,""currency"":""YER""}",117500,corrected,طلب-100026,"{""type"":""عادي"",""cost"":2000,""expected_date"":""2025-01-02T03:49:00""}",[object Object],2026-08-18T13:43:14.207140+00:00
